{
  "v8": {
    "full_error_mean": {
      "7": 2.0624921321868896,
      "8": 1.9718266725540161,
      "10": 2.0960114002227783,
      "11": 1.934302806854248
    },
    "full_error_max": {
      "7": 3.480018138885498,
      "8": 3.216697931289673,
      "10": 3.527548313140869,
      "11": 3.129591226577759
    },
    "full_error_gt_1m_pct": {
      "7": 0.7857142857142857,
      "8": 0.7346938775510204,
      "10": 0.7908163265306123,
      "11": 0.7295918367346939
    },
    "fsr_fixed": 0.16600790513833993,
    "fsr_foot_out": 0.16600790513833993,
    "jitter_fixed": 0.2673347294330597,
    "jitter_foot_out": 0.2673347294330597,
    "foot_error_fixed": 0.1822531372308731,
    "foot_error_foot_out": 0.1822531372308731,
    "mod_patterns": {
      "7": {
        "n_modified": 32,
        "n_groups": 7,
        "group_sizes": [
          5,
          5,
          5,
          4,
          5,
          4,
          4
        ],
        "group_gaps": [
          25,
          25,
          24,
          25,
          25,
          23
        ]
      },
      "8": {
        "n_modified": 32,
        "n_groups": 7,
        "group_sizes": [
          3,
          4,
          5,
          5,
          6,
          5,
          4
        ],
        "group_gaps": [
          27,
          26,
          23,
          23,
          23,
          23
        ]
      },
      "10": {
        "n_modified": 33,
        "n_groups": 8,
        "group_sizes": [
          6,
          3,
          1,
          6,
          3,
          6,
          5,
          3
        ],
        "group_gaps": [
          25,
          3,
          23,
          23,
          26,
          24,
          22
        ]
      },
      "11": {
        "n_modified": 34,
        "n_groups": 8,
        "group_sizes": [
          2,
          6,
          3,
          7,
          4,
          1,
          6,
          5
        ],
        "group_gaps": [
          27,
          25,
          24,
          22,
          3,
          22,
          22
        ]
      }
    }
  },
  "v13": {
    "fsr_fixed": 0.1673469387755102,
    "jitter_fixed": 0.28825244307518005,
    "foot_error_fixed": 0.19927629828453064,
    "mod_patterns": {
      "7": {
        "n_modified": 32,
        "n_groups": 7,
        "group_sizes": [
          5,
          5,
          5,
          4,
          5,
          4,
          4
        ],
        "group_gaps": [
          25,
          25,
          24,
          25,
          25,
          23
        ]
      },
      "8": {
        "n_modified": 32,
        "n_groups": 7,
        "group_sizes": [
          3,
          4,
          5,
          5,
          6,
          5,
          4
        ],
        "group_gaps": [
          27,
          26,
          23,
          23,
          23,
          23
        ]
      },
      "10": {
        "n_modified": 33,
        "n_groups": 8,
        "group_sizes": [
          6,
          3,
          1,
          6,
          3,
          6,
          5,
          3
        ],
        "group_gaps": [
          25,
          3,
          23,
          23,
          26,
          24,
          22
        ]
      },
      "11": {
        "n_modified": 34,
        "n_groups": 8,
        "group_sizes": [
          2,
          6,
          3,
          7,
          4,
          1,
          6,
          5
        ],
        "group_gaps": [
          27,
          25,
          24,
          22,
          3,
          22,
          22
        ]
      }
    }
  },
  "original": {
    "fsr": 0.22535211267605634,
    "jitter": 0.01098690740764141
  }
}