{
  "original": {
    "FSR": 0.16290352251332557,
    "Jitter": 0.014026499260216952,
    "Floating": 0.0,
    "FootErr": 0.0,
    "ContactAcc": 1.0,
    "BoneCV": 0.0050173294555861505,
    "PenMean": 0.01105143675305347
  },
  "physics": {
    "FSR": 0.11865776100107686,
    "Jitter": 0.031926771905273196,
    "Floating": 0.0,
    "FootErr": 0.013956172602775041,
    "ContactAcc": 0.9997448979591838,
    "BoneCV": 0.031000035163015128,
    "PenMean": 0.01105143675305347
  },
  "deskate_ik": {
    "FSR": 0.08182315248388862,
    "Jitter": 0.029476978117600083,
    "Floating": 0.0,
    "FootErr": 0.04237648122943938,
    "ContactAcc": 1.0,
    "BoneCV": 0.0050173424300737676,
    "PenMean": 0.011051439720516403
  },
  "gauss_ik": {
    "FSR": 0.1111860982249466,
    "Jitter": 0.013108400348573922,
    "Floating": 0.0,
    "FootErr": 0.048109454847872254,
    "ContactAcc": 1.0,
    "BoneCV": 0.005017343640793115,
    "PenMean": 0.011051439422493179
  },
  "learn_ik": {
    "FSR": 0.12854142429061086,
    "Jitter": 0.011433397745713591,
    "Floating": 0.0,
    "FootErr": 0.052243712823837996,
    "ContactAcc": 1.0,
    "BoneCV": 0.0050173431111034,
    "PenMean": 0.011051437833035986
  },
  "n": 10
}