{
  "original": {
    "FSR": 0.16290352251332557,
    "Jitter": 0.014026499260216952,
    "Floating": 0.0,
    "FootErr": 0.0,
    "ContactAcc": 1.0,
    "BoneCV": 0.0050173294555861505,
    "PenMean": 0.01105143675305347
  },
  "physics": {
    "FSR": 0.11865776100107686,
    "Jitter": 0.031926771905273196,
    "Floating": 0.0,
    "FootErr": 0.013956172602775041,
    "ContactAcc": 0.9997448979591838,
    "BoneCV": 0.031000035163015128,
    "PenMean": 0.01105143675305347
  },
  "analytical": {
    "FSR": 0.03744488634958521,
    "Jitter": 0.01232455875724554,
    "Floating": 0.0,
    "FootErr": 0.3811606362462044,
    "ContactAcc": 1.0,
    "BoneCV": 0.055460977368056774,
    "PenMean": 0.01105143675305347
  },
  "v18": {
    "FSR": 0.05579335273698285,
    "Jitter": 0.013485952001065015,
    "Floating": 0.0,
    "FootErr": 0.38627847731113435,
    "ContactAcc": 1.0,
    "BoneCV": 0.06751687042415142,
    "PenMean": 0.01105143675305347
  },
  "n": 10
}