{
  "original": {
    "FSR": 0.16290352251332557,
    "Jitter": 0.014026499260216952,
    "Floating": 0.0,
    "FootErr": 0.0,
    "ContactAcc": 1.0,
    "BoneCV": 0.0050173294555861505,
    "PenMean": 0.01105143675305347,
    "PenMax": 0.030010351445525885
  },
  "physics": {
    "FSR": 0.11865776100107686,
    "Jitter": 0.031926771905273196,
    "Floating": 0.0,
    "FootErr": 0.013956172602775041,
    "ContactAcc": 0.9997448979591838,
    "BoneCV": 0.031000035163015128,
    "PenMean": 0.01105143675305347,
    "PenMax": 0.030010351445525885
  },
  "v16": {
    "FSR": 0.17866630543233336,
    "Jitter": 0.0266134237870574,
    "Floating": 0.0,
    "FootErr": 0.009176979123731143,
    "ContactAcc": 1.0,
    "BoneCV": 0.022002889029681682,
    "PenMean": 0.01105143675305347,
    "PenMax": 0.030010351445525885
  }
}