{
  "momask": {
    "original": {
      "FSR": 0.1405063149637428,
      "Jitter": 0.012843996309675277,
      "Floating": 0.0,
      "FootErr": 0.0,
      "ContactAcc": 1.0,
      "BoneCV": 0.003660100088454783,
      "PenMean": 0.004611607715785794
    },
    "gauss_ik": {
      "FSR": 0.11258067067184216,
      "Jitter": 0.013016689068172127,
      "Floating": 0.0,
      "FootErr": 0.0481070289760828,
      "ContactAcc": 1.0,
      "BoneCV": 0.0036601145612075925,
      "PenMean": 0.004611605912602196
    },
    "learn_ik": {
      "FSR": 0.12737216436578938,
      "Jitter": 0.010722696005832404,
      "Floating": 0.0,
      "FootErr": 0.052066594902426,
      "ContactAcc": 1.0,
      "BoneCV": 0.003660114490194246,
      "PenMean": 0.004611605328352501
    },
    "n": 50
  },
  "mdm": {
    "original": {
      "FSR": 0.11864283245962338,
      "Jitter": 0.014174932755995542,
      "Floating": 0.0,
      "FootErr": 0.0,
      "ContactAcc": 1.0,
      "BoneCV": 0.014929040167480707,
      "PenMean": 0.001414321315009147
    },
    "gauss_ik": {
      "FSR": 0.09062622311671048,
      "Jitter": 0.013630439598055091,
      "Floating": 0.0,
      "FootErr": 0.03130337188020348,
      "ContactAcc": 1.0,
      "BoneCV": 0.014929040232673288,
      "PenMean": 0.0014143213831509156
    },
    "learn_ik": {
      "FSR": 0.11182545156648695,
      "Jitter": 0.01145738371880725,
      "Floating": 0.0,
      "FootErr": 0.036729616522789,
      "ContactAcc": 1.0,
      "BoneCV": 0.014929039543494583,
      "PenMean": 0.0014143217749272784
    },
    "n": 50
  },
  "t2mgpt": {
    "original": {
      "FSR": 0.11990290777478528,
      "Jitter": 0.013877598256804048,
      "Floating": 0.0,
      "FootErr": 0.0,
      "ContactAcc": 1.0,
      "BoneCV": 0.02935959765687585,
      "PenMean": 0.002523544615274168
    },
    "gauss_ik": {
      "FSR": 0.0882899033464912,
      "Jitter": 0.012168854181654752,
      "Floating": 0.0,
      "FootErr": 0.03498106766492128,
      "ContactAcc": 1.0,
      "BoneCV": 0.029359597796574235,
      "PenMean": 0.0025235439065237723
    },
    "learn_ik": {
      "FSR": 0.10988061089436126,
      "Jitter": 0.010695349911693484,
      "Floating": 0.0,
      "FootErr": 0.039919311627745625,
      "ContactAcc": 1.0,
      "BoneCV": 0.029359598439186813,
      "PenMean": 0.002523543471330038
    },
    "n": 50
  }
}