{
  "original": {
    "FSR": 0.11864283245962338,
    "Jitter": 0.014174932755995542,
    "Floating": 0.0,
    "FootErr": 0.0,
    "ContactAcc": 1.0,
    "BoneCV": 0.014929040167480707,
    "PenMean": 0.001414321315009147
  },
  "gauss_ik": {
    "FSR": 0.09062622311671048,
    "Jitter": 0.013630439598055091,
    "Floating": 0.0,
    "FootErr": 0.03130337188020348,
    "ContactAcc": 1.0,
    "BoneCV": 0.014929040232673288,
    "PenMean": 0.0014143213831509156
  },
  "learn_ik": {
    "FSR": 0.11182545156648695,
    "Jitter": 0.01145738371880725,
    "Floating": 0.0,
    "FootErr": 0.036729616522789,
    "ContactAcc": 1.0,
    "BoneCV": 0.014929039543494583,
    "PenMean": 0.0014143217749272784
  },
  "n": 50
}