{
  "original": {
    "FSR": 0.1405063149637428,
    "Jitter": 0.012843996309675277,
    "Floating": 0.0,
    "FootErr": 0.0,
    "ContactAcc": 1.0,
    "BoneCV": 0.003660100088454783,
    "PenMean": 0.004611607715785794
  },
  "gauss_ik": {
    "FSR": 0.11258067067184216,
    "Jitter": 0.013016689068172127,
    "Floating": 0.0,
    "FootErr": 0.0481070289760828,
    "ContactAcc": 1.0,
    "BoneCV": 0.0036601145612075925,
    "PenMean": 0.004611605912602196
  },
  "learn_ik": {
    "FSR": 0.12737216436578938,
    "Jitter": 0.010722696005832404,
    "Floating": 0.0,
    "FootErr": 0.052066594902426,
    "ContactAcc": 1.0,
    "BoneCV": 0.003660114490194246,
    "PenMean": 0.004611605328352501
  },
  "n": 50
}