{
  "original": {
    "FSR": 0.11990290777478528,
    "Jitter": 0.013877598256804048,
    "Floating": 0.0,
    "FootErr": 0.0,
    "ContactAcc": 1.0,
    "BoneCV": 0.02935959765687585,
    "PenMean": 0.002523544615274168
  },
  "gauss_ik": {
    "FSR": 0.0882899033464912,
    "Jitter": 0.012168854181654752,
    "Floating": 0.0,
    "FootErr": 0.03498106766492128,
    "ContactAcc": 1.0,
    "BoneCV": 0.029359597796574235,
    "PenMean": 0.0025235439065237723
  },
  "learn_ik": {
    "FSR": 0.10988061089436126,
    "Jitter": 0.010695349911693484,
    "Floating": 0.0,
    "FootErr": 0.039919311627745625,
    "ContactAcc": 1.0,
    "BoneCV": 0.029359598439186813,
    "PenMean": 0.002523543471330038
  },
  "n": 50
}