{
  "original": {
    "FSR": 0.16290352251332557,
    "Jitter": 0.014026499260216952,
    "Floating": 0.0,
    "FootErr": 0.0,
    "ContactAcc": 1.0,
    "BoneCV": 0.0050173294555861505,
    "PenMean": 0.01105143675305347
  },
  "physics": {
    "FSR": 0.11865776100107686,
    "Jitter": 0.031926771905273196,
    "Floating": 0.0,
    "FootErr": 0.013956172602775041,
    "ContactAcc": 0.9997448979591838,
    "BoneCV": 0.031000035163015128,
    "PenMean": 0.01105143675305347
  },
  "hybrid": {
    "FSR": 0.20222640222195146,
    "Jitter": 0.024406048562377693,
    "Floating": 0.0,
    "FootErr": 0.05998822282999754,
    "ContactAcc": 1.0,
    "BoneCV": 0.048863426223397254,
    "PenMean": 0.01105143675305347
  },
  "semantic_proxy": {
    "nonfoot_max": 0.0,
    "foot_disp": 0.059988221526145934,
    "pct_modified": 0.17231563079777365
  },
  "n": 10
}