{
  "Original": {
    "FSR": 0.22535211267605634,
    "Jitter": 0.01098690740764141,
    "FootErr": 0.0,
    "FullErr": 0.0,
    "XRange": "[-3.61, 0.26]"
  },
  "OLD (no root_relative)": {
    "FSR": 0.16412213740458015,
    "Jitter": 0.26727500557899475,
    "FootErr": 0.18221722543239594,
    "FullErr": 2.016158103942871,
    "XRange": "[-0.35, 0.28]"
  },
  "NEW (root_relative)": {
    "FSR": 0.2676056338028169,
    "Jitter": 0.028332047164440155,
    "FootErr": 0.017393508926033974,
    "FullErr": 0.9011470675468445,
    "XRange": "[-3.36, 0.17]"
  }
}